,aamutation,score
0,SA108D,0.000247209803735
1,SA108G,0.000151234155619
2,SA108P,0.000131516435511
3,SA108S,0.0
4,SA108T,0.00112008737039
5,SA108V,0.000712700383505
6,SA152D,5.66333023931e-05
7,SA152G,0.0
8,SA152P,0.0
9,SA152S,5.43342946677e-05
10,SA152T,6.19228433986e-05
11,SA152V,2.35381748603e-06
12,SA177D,0.000260552691354
13,SA177G,6.10342726814e-05
14,SA177P,0.000142510880454
15,SA177S,6.36893006832e-05
16,SA177T,0.000113421519897
17,SA177V,5.45129657507e-05
18,SA204D,0.0
19,SA204G,0.0
20,SA204P,4.18896322865e-05
21,SA204S,4.55460542939e-05
22,SA204T,9.74358418936e-05
23,SA204V,6.76222269822e-05
24,SA224D,0.000127128206895
25,SA224G,0.0
26,SA224I,0.0
27,SA224P,6.29539920529e-05
28,SA224S,0.0
29,SA224T,0.000208801640735
30,SA224V,0.000328381985285
31,SA225D,0.0
32,SA225G,0.0
33,SA225N,0.0
34,SA225P,0.0
35,SA225S,0.0
36,SA225T,0.0
37,SA225V,7.32061671895e-05
38,SA35D,0.0
39,SA35G,0.0
40,SA35P,0.0
41,SA35S,1.69592193042e-05
42,SA35T,0.0
43,SA35V,0.0
44,SA85D,0.000183812520142
45,SA85G,0.0
46,SA85P,0.0
47,SA85S,0.0
48,SA85T,0.0
49,SA85V,0.0
50,SC46*,0.000159465686313
51,SC46F,0.000229078415518
52,SC46G,0.000447715931723
53,SC46R,0.00593856728933
54,SC46S,0.000894824210129
55,SC46W,9.88266225816e-05
56,SC46Y,0.00079852940015
57,SC68*,0.000234515716427
58,SC68F,0.000169658286953
59,SC68G,0.000245336523126
60,SC68H,0.0
61,SC68R,0.00542755277828
62,SC68S,0.00080677608799
63,SC68W,5.14950863052e-05
64,SC68Y,0.000841767295796
65,SD100A,0.0
66,SD100E,0.0
67,SD100G,0.0
68,SD100H,0.0
69,SD100N,0.0
70,SD100V,0.00189516348852
71,SD100Y,5.391596422e-05
72,SD101A,0.000126505430386
73,SD101E,0.000266977611677
74,SD101G,0.00230550723898
75,SD101H,3.54064987967e-05
76,SD101N,0.000754552185932
77,SD101S,0.0
78,SD101V,0.00224435151559
79,SD101Y,0.000182390543896
80,SD115A,0.0
81,SD115E,0.0
82,SD115G,0.000880720319492
83,SD115H,0.0
84,SD115N,0.0
85,SD115S,0.0
86,SD115V,0.0
87,SD115Y,0.0
88,SD127A,0.0001784449217
89,SD127E,0.0
90,SD127G,0.000204517289801
91,SD127H,0.0
92,SD127N,5.56550054974e-05
93,SD127S,0.0
94,SD127V,0.000502518562291
95,SD127Y,0.0
96,SD131A,0.0
97,SD131E,8.93687898779e-05
98,SD131G,0.0
99,SD131H,0.0
100,SD131N,0.0
101,SD131V,0.00029063929749
102,SD131Y,0.0
103,SD153A,0.0
104,SD153E,7.18148654155e-06
105,SD153G,7.87843237499e-05
106,SD153H,0.0
107,SD153N,0.000259195712636
108,SD153S,0.0
109,SD153V,0.000255100099581
110,SD153Y,0.0
111,SD171A,0.0
112,SD171E,0.0
113,SD171G,0.000456945795753
114,SD171H,6.8182356278e-05
115,SD171N,0.000117996477926
116,SD171S,9.69623838868e-05
117,SD171V,0.000248959758428
118,SD171Y,0.0
119,SD178A,2.90942563407e-05
120,SD178E,6.59230030375e-06
121,SD178G,0.000943820345532
122,SD178H,1.26500220217e-05
123,SD178I,3.16587268459e-05
124,SD178N,6.15728284692e-07
125,SD178S,0.0
126,SD178V,0.00060767082672
127,SD178Y,9.65420247557e-05
128,SD17A,0.0
129,SD17E,0.000200650475575
130,SD17G,0.000693227032126
131,SD17H,7.85734872617e-05
132,SD17N,0.000164921657626
133,SD17R,0.0
134,SD17V,0.000163204684947
135,SD17Y,0.0
136,SD188A,0.000132100166709
137,SD188E,8.0344225906e-05
138,SD188G,0.0
139,SD188H,0.0
140,SD188N,0.000150095623977
141,SD188S,0.0
142,SD188V,0.000360917279479
143,SD188Y,1.27769965607e-05
144,SD195A,0.000130016495957
145,SD195E,0.0
146,SD195F,0.0
147,SD195G,0.0
148,SD195N,0.0
149,SD195S,0.0
150,SD195V,0.000356328383067
151,SD195Y,0.000134940385241
152,SD19A,9.29570408411e-05
153,SD19E,6.09354560445e-05
154,SD19G,0.00462603921513
155,SD19H,4.97606575408e-05
156,SD19N,0.000111408117168
157,SD19S,0.0
158,SD19V,0.0
159,SD19Y,1.16274233226e-05
160,SD208A,0.000127067041063
161,SD208E,2.2528951064e-05
162,SD208G,0.00533162537871
163,SD208H,0.0
164,SD208N,0.000154834762597
165,SD208V,0.000601810317513
166,SD208Y,3.03391207979e-06
167,SD214A,0.000148721987682
168,SD214E,0.000731013967863
169,SD214G,0.00588674987324
170,SD214H,0.000157783438998
171,SD214K,0.0
172,SD214N,0.000479170233373
173,SD214V,0.00194335207964
174,SD214Y,0.000582945646491
175,SD232A,0.0001173525808
176,SD232C,0.0
177,SD232E,0.0
178,SD232G,0.0
179,SD232H,0.0
180,SD232I,0.0
181,SD232N,0.0
182,SD232S,0.0
183,SD232T,0.0
184,SD232V,0.0
185,SD232Y,0.0
186,SD34A,3.52637774295e-05
187,SD34E,0.0
188,SD34G,0.00316955196597
189,SD34H,0.00011338628305
190,SD34K,0.0
191,SD34N,0.000236668172561
192,SD34V,0.000641169475391
193,SD34Y,0.000105153898373
194,SD74A,0.000200177687582
195,SD74E,0.000155843169717
196,SD74G,0.0
197,SD74H,0.0
198,SD74N,0.000152925881109
199,SD74S,0.0
200,SD74V,0.0
201,SD74Y,4.83125277195e-06
202,SD80A,0.000234307518013
203,SD80E,0.000148016157382
204,SD80G,0.00418075515864
205,SD80H,3.30187065907e-05
206,SD80K,0.0
207,SD80N,1.21737818666e-05
208,SD80V,0.00179744073184
209,SD80Y,0.000331800261895
210,SE109A,0.0
211,SE109D,0.0
212,SE109G,0.00158764391009
213,SE109K,0.000112932125813
214,SE109N,0.0
215,SE109Q,0.0
216,SE109V,0.0
217,SE113*,1.55054240483e-05
218,SE113A,0.0
219,SE113D,0.0
220,SE113G,0.00292502100319
221,SE113K,0.000109039795442
222,SE113Q,0.0
223,SE113R,0.0
224,SE113T,0.0
225,SE113V,0.0
226,SE122*,0.000113000496655
227,SE122A,0.0
228,SE122D,5.16232515366e-05
229,SE122G,8.79782136115e-05
230,SE122K,0.0
231,SE122M,0.0
232,SE122Q,0.0
233,SE122R,0.0
234,SE122V,0.000427069299897
235,SE130*,0.000160772306566
236,SE130A,3.86012410982e-05
237,SE130D,8.70160273072e-05
238,SE130G,0.000184807120605
239,SE130K,7.50932718271e-05
240,SE130Q,2.79124321915e-05
241,SE130R,4.67154426773e-05
242,SE130V,0.0
243,SE140*,0.000118999693763
244,SE140A,0.0
245,SE140D,0.0
246,SE140G,0.0
247,SE140K,0.0
248,SE140M,0.0
249,SE140Q,4.67576295016e-05
250,SE140R,0.0
251,SE140V,0.0
252,SE15*,0.00022338941992
253,SE15A,0.00025271861047
254,SE15D,0.0
255,SE15G,0.00132396806821
256,SE15K,0.0
257,SE15L,0.0
258,SE15M,0.0
259,SE15Q,0.000101169097885
260,SE15R,0.0
261,SE15T,0.0
262,SE15V,0.000326749023871
263,SE15W,0.0
264,SE170*,0.000519948832627
265,SE170A,0.0
266,SE170D,0.0
267,SE170G,0.0
268,SE170K,8.38390042035e-06
269,SE170Q,0.0
270,SE170V,0.000422701185586
271,SE211*,0.000195799019211
272,SE211A,0.000215508828436
273,SE211D,0.0
274,SE211G,0.00564757517325
275,SE211K,0.00103111640445
276,SE211M,0.0
277,SE211Q,0.0
278,SE211T,0.0
279,SE211V,0.00111455647345
280,SE220*,0.000137432250958
281,SE220A,0.00023023715902
282,SE220D,2.93859402087e-05
283,SE220G,0.00560716054412
284,SE220K,0.00121757079902
285,SE220Q,8.4213780195e-05
286,SE220R,0.0
287,SE220V,0.00185506945655
288,SE233*,0.0
289,SE233A,0.0
290,SE233D,0.0
291,SE233G,0.000889382980415
292,SE233K,0.000249802022102
293,SE233L,0.0
294,SE233N,0.0
295,SE233Q,2.23383014273e-05
296,SE233R,0.0
297,SE233V,0.0
298,SE233W,0.0
299,SE3*,8.522086109e-05
300,SE30*,0.000224407695051
301,SE30A,0.0
302,SE30D,0.0
303,SE30G,0.000776329399096
304,SE30K,3.18635802259e-05
305,SE30M,0.0
306,SE30Q,0.0
307,SE30R,0.0
308,SE30V,0.00025268280671
309,SE32*,8.72762023582e-05
310,SE32A,0.0
311,SE32D,0.0
312,SE32G,0.00135083787331
313,SE32K,0.000108528367878
314,SE32Q,0.0
315,SE32R,0.0
316,SE32T,0.0
317,SE32V,4.96765059321e-05
318,SE3A,3.41941725968e-05
319,SE3D,0.0
320,SE3G,0.0
321,SE3K,0.000397671890579
322,SE3Q,0.0
323,SE3R,0.000114872928585
324,SE3V,0.0
325,SE4*,0.000138011476994
326,SE4A,1.23140771205e-05
327,SE4D,0.0
328,SE4G,0.0
329,SE4K,0.0
330,SE4Q,0.0
331,SE4R,0.0
332,SE4V,0.0
333,SE88*,0.000409327243333
334,SE88A,2.4679035183e-05
335,SE88D,0.0
336,SE88G,0.0
337,SE88K,3.46340801912e-05
338,SE88Q,0.0
339,SE88R,0.0
340,SE88V,0.000190181396054
341,SE93*,0.000146141795172
342,SE93A,0.000105507248851
343,SE93D,0.0
344,SE93G,0.0017245796832
345,SE93K,0.0
346,SE93Q,0.0
347,SE93R,1.57493993374e-05
348,SE93V,0.000280346486043
349,SF112C,0.000293904503136
350,SF112H,0.000119970239233
351,SF112I,0.0
352,SF112L,0.0017134503448
353,SF112P,1.77766105602e-05
354,SF112S,0.0044055209616
355,SF112V,0.0
356,SF112Y,0.000145742257231
357,SF128C,9.02308298003e-05
358,SF128I,0.0
359,SF128L,0.00145590886832
360,SF128P,4.99620317886e-05
361,SF128R,0.0
362,SF128S,0.00718933465744
363,SF128T,0.0
364,SF128V,3.69764200472e-05
365,SF128Y,0.00121228913149
366,SF163C,0.0
367,SF163D,0.0
368,SF163H,5.86197778163e-06
369,SF163I,0.000267337415401
370,SF163L,0.00106227352116
371,SF163P,0.000182845928613
372,SF163S,0.00363423962301
373,SF163T,7.61746649899e-05
374,SF163V,0.0
375,SF163Y,6.02586026497e-05
376,SF221C,0.0
377,SF221H,0.000200861990492
378,SF221I,0.0
379,SF221L,0.0
380,SF221P,0.0
381,SF221S,0.000547721384093
382,SF221T,0.000127063367584
383,SF221V,0.0
384,SF221Y,0.000114488971334
385,SF25C,9.65643427137e-05
386,SF25H,0.0
387,SF25I,0.00138797238472
388,SF25L,0.00590158316646
389,SF25P,0.0
390,SF25S,0.00606772760601
391,SF25V,0.000142731308523
392,SF25Y,0.00165615473681
393,SF44C,0.0
394,SF44H,0.0
395,SF44I,0.000733612383181
396,SF44L,0.000352315890769
397,SF44P,2.46219509855e-05
398,SF44S,0.00437038879227
399,SF44T,0.0
400,SF44V,4.76130680054e-05
401,SF44Y,0.000162737098697
402,SF69C,0.0
403,SF69D,0.0
404,SF69I,0.000132271878027
405,SF69L,4.86350700249e-05
406,SF69P,4.25390814585e-05
407,SF69R,0.0
408,SF69S,0.00380493047975
409,SF69V,0.0
410,SF69Y,0.000971029974763
411,SF6C,2.30210824737e-07
412,SF6D,0.0
413,SF6H,0.0
414,SF6I,0.000253693977366
415,SF6L,0.00154299516591
416,SF6N,0.0
417,SF6P,2.15556586124e-05
418,SF6S,0.00390058427424
419,SF6T,0.0
420,SF6V,0.000155104194959
421,SF6Y,0.000118665669012
422,SF81C,2.16585860958e-05
423,SF81H,0.0
424,SF81I,0.000648212429254
425,SF81L,0.00527618463767
426,SF81P,7.44073254584e-05
427,SF81R,0.0
428,SF81S,0.00661026653576
429,SF81V,9.95508545969e-05
430,SF81Y,6.05641455599e-05
431,SF82C,1.74364788448e-05
432,SF82D,0.0
433,SF82H,0.0
434,SF82I,0.00137793402765
435,SF82L,0.00153312882022
436,SF82P,5.11176214508e-05
437,SF82S,0.00569992927713
438,SF82V,0.000447108313258
439,SF82Y,6.20726360867e-07
440,SF97C,9.2694924134e-05
441,SF97I,0.00038490324589
442,SF97L,0.000351811126739
443,SF97N,0.0
444,SF97P,0.0
445,SF97S,0.0
446,SF97T,0.0
447,SF97V,0.0
448,SF97Y,6.30695079139e-05
449,SF98C,5.26778212662e-05
450,SF98H,0.0
451,SF98I,0.00106192844149
452,SF98L,0.00500886937444
453,SF98N,0.0
454,SF98P,4.29660309186e-05
455,SF98R,0.0
456,SF98S,0.00818992457403
457,SF98T,4.54660743932e-06
458,SF98V,0.000175428641971
459,SF98Y,0.000322638880629
460,SG102A,0.0
461,SG102C,0.000499065549013
462,SG102D,0.000754232732107
463,SG102R,8.24956016036e-05
464,SG102S,0.00048413680575
465,SG102V,0.000118551791289
466,SG114A,2.14894761305e-05
467,SG114C,3.42692510924e-05
468,SG114D,0.0
469,SG114R,0.0
470,SG114S,0.0
471,SG114V,0.0
472,SG125A,3.89845681436e-05
473,SG125C,0.000115091397884
474,SG125D,0.000838256229125
475,SG125R,8.78668559801e-05
476,SG125S,0.000579415681637
477,SG125V,0.0
478,SG132A,0.000101520839247
479,SG132C,8.59884146431e-05
480,SG132D,0.000478145733351
481,SG132R,5.51536006976e-06
482,SG132S,0.000233992705614
483,SG132V,0.000386903922686
484,SG136A,1.18571957379e-05
485,SG136E,0.000185101948161
486,SG136R,1.80316216538e-05
487,SG136V,0.000186198266364
488,SG136W,0.00017234897026
489,SG158A,0.0
490,SG158C,0.0
491,SG158D,5.71644661814e-05
492,SG158R,5.99795012207e-05
493,SG158S,0.0
494,SG158V,0.0
495,SG172A,5.08191056016e-05
496,SG172C,3.85402118279e-05
497,SG172D,0.0
498,SG172R,0.0
499,SG172S,0.0
500,SG172V,0.0
501,SG172Y,0.0
502,SG187A,2.5184249089e-05
503,SG187C,0.0
504,SG187D,0.0
505,SG187R,7.48407993243e-05
506,SG187S,4.35149429531e-05
507,SG187V,2.57677176972e-05
508,SG189A,0.000148350702504
509,SG189C,0.0
510,SG189D,0.0
511,SG189R,0.0
512,SG189S,5.42244312635e-05
513,SG189V,0.0
514,SG18A,0.0
515,SG18C,0.000186688578817
516,SG18D,0.000808930002108
517,SG18R,1.66959569509e-05
518,SG18S,0.000887316265736
519,SG18V,0.00023487010218
520,SG226A,1.10207924743e-05
521,SG226E,1.27543624673e-06
522,SG226R,0.000173060507968
523,SG226V,0.0
524,SG226W,7.85827712614e-05
525,SG22A,1.16211227941e-06
526,SG22C,0.000256530072312
527,SG22D,0.000101746193588
528,SG22N,0.0
529,SG22R,6.25023974838e-05
530,SG22S,0.000612776418751
531,SG22V,5.05885524618e-05
532,SG230A,0.0
533,SG230C,0.0
534,SG230D,0.0
535,SG230R,0.000119108344247
536,SG230S,0.0
537,SG230V,0.000148843754216
538,SG29A,0.000131323716858
539,SG29C,0.000188147659734
540,SG29D,0.000864262263427
541,SG29R,8.71632779523e-05
542,SG29S,0.00142801669262
543,SG29V,0.000125720737213
544,SG2A,4.50082142593e-05
545,SG2C,4.32251937813e-05
546,SG2D,0.0
547,SG2N,0.0
548,SG2S,0.000154652388613
549,SG2V,2.53243075287e-05
550,SG31A,0.000160470384345
551,SG31C,9.29854171725e-05
552,SG31D,0.000552468597454
553,SG31R,6.15610098067e-05
554,SG31S,0.00107876435189
555,SG31V,0.000212104515798
556,SG33A,2.45729476971e-05
557,SG33C,0.000264710828184
558,SG33D,0.000530491591688
559,SG33R,0.0
560,SG33S,0.000539948608188
561,SG33V,9.74773716396e-05
562,SG38A,0.00029726333569
563,SG38C,0.000381604989096
564,SG38D,0.000757822709401
565,SG38R,0.0
566,SG38S,0.000692652610323
567,SG38V,0.000274890275725
568,SG49A,1.19193052983e-06
569,SG49C,0.000317568501792
570,SG49D,0.000157702739163
571,SG49R,0.0
572,SG49S,0.00082713234558
573,SG49V,0.000129840851496
574,SG65A,0.000220873322334
575,SG65C,0.000430128986743
576,SG65D,0.000734577327453
577,SG65N,0.0
578,SG65R,2.21016039363e-05
579,SG65S,0.00172889371374
580,SG65V,0.000223093087165
581,SG89A,2.39171516347e-05
582,SG89C,0.000296829147105
583,SG89D,0.000746668893289
584,SG89N,0.0
585,SG89R,9.57169882139e-05
586,SG89S,0.000644614311287
587,SG89V,0.000177312450717
588,SG8A,0.0
589,SG8E,0.0
590,SG8R,0.0
591,SG8V,6.05753694538e-07
592,SG8W,0.000227446264455
593,SH137D,0.0
594,SH137L,4.26976518972e-05
595,SH137N,3.5001358476e-05
596,SH137P,0.00016187397973
597,SH137Q,0.000164097161994
598,SH137R,6.79142143071e-05
599,SH137Y,0.00018729878595
600,SH146D,0.0
601,SH146F,0.0
602,SH146L,0.00176284977768
603,SH146N,0.0
604,SH146P,0.00052652044471
605,SH146Q,8.8995083336e-07
606,SH146R,0.00106892180563
607,SH146Y,7.70741532038e-05
608,SH167C,0.0
609,SH167D,2.72740703925e-05
610,SH167L,0.000118926377103
611,SH167N,8.29310029804e-05
612,SH167P,0.000807057425512
613,SH167Q,0.0
614,SH167R,0.00668241859328
615,SH167S,0.0
616,SH167Y,5.40750036014e-05
617,SH179C,0.0
618,SH179D,1.1662745278e-05
619,SH179L,0.000711600680675
620,SH179N,0.0
621,SH179P,0.000979999253352
622,SH179Q,7.37483267249e-05
623,SH179R,0.00406114306655
624,SH179Y,8.33808041394e-05
625,SH197D,2.07290673787e-05
626,SH197L,0.00181999608741
627,SH197N,8.59579717803e-05
628,SH197P,0.00054920143158
629,SH197Q,0.00014297382567
630,SH197R,0.00428384709949
631,SH197Y,0.000454485812865
632,SH215C,0.0
633,SH215D,7.95188433131e-05
634,SH215F,0.0
635,SH215L,0.00209736980595
636,SH215N,6.72626107526e-05
637,SH215P,0.000747621446012
638,SH215Q,7.59939406064e-05
639,SH215R,0.00557848395033
640,SH215Y,0.000679373309144
641,SH229D,0.0
642,SH229L,0.000142258058888
643,SH229N,0.0
644,SH229P,3.52688752525e-06
645,SH229Q,5.0733288775e-05
646,SH229R,0.0
647,SH229Y,0.0
648,SH23D,6.81652422951e-07
649,SH23L,0.000661897633259
650,SH23N,4.08654846461e-05
651,SH23P,0.000538200674648
652,SH23Q,0.000145940523892
653,SH23R,0.000427556188747
654,SH23Y,0.000225152387953
655,SH75C,0.0
656,SH75D,3.04766114567e-07
657,SH75L,0.000198528993452
658,SH75N,0.0
659,SH75P,0.000130687541719
660,SH75Q,3.37354866384e-05
661,SH75R,0.000304458387969
662,SH75Y,0.0
663,SH79A,0.0
664,SH79C,2.27022660796e-05
665,SH79D,4.93598644662e-05
666,SH79G,0.0
667,SH79L,9.04018499295e-05
668,SH79N,0.0
669,SH79P,0.000363534948566
670,SH79Q,0.0
671,SH79R,0.00224492790746
672,SH79Y,0.0
673,SI121A,0.0
674,SI121D,0.0
675,SI121F,0.00257892031287
676,SI121L,0.0
677,SI121M,0.0
678,SI121N,0.00142466999699
679,SI121S,0.000229722001541
680,SI121T,0.00172159271424
681,SI121V,0.000260706819379
682,SI126A,0.0
683,SI126D,0.0
684,SI126F,0.0
685,SI126L,0.0
686,SI126M,0.000153903346764
687,SI126N,0.0
688,SI126P,0.0
689,SI126S,0.0
690,SI126T,0.0
691,SI126V,0.000355443173491
692,SI126Y,6.74147117208e-06
693,SI12A,2.65935674781e-06
694,SI12D,0.0
695,SI12F,0.00174232165372
696,SI12L,0.0
697,SI12M,0.0
698,SI12N,0.0014541686779
699,SI12S,0.000169836933738
700,SI12T,0.00274001062683
701,SI12V,0.000112143533437
702,SI12Y,0.0
703,SI134A,0.0
704,SI134F,0.000912166665127
705,SI134L,0.0
706,SI134M,0.0
707,SI134N,0.00112371512483
708,SI134S,0.0
709,SI134T,0.00101538182669
710,SI134V,3.13853316395e-05
711,SI134Y,0.0
712,SI150A,0.0
713,SI150D,0.0
714,SI150F,0.00054760135819
715,SI150G,0.0
716,SI150L,3.85362985436e-05
717,SI150M,0.0
718,SI150N,0.00214857668414
719,SI150S,0.000153695058098
720,SI150T,0.00315569319961
721,SI150V,9.35752211088e-05
722,SI159A,3.62772627857e-05
723,SI159F,0.00183383643086
724,SI159G,0.0
725,SI159L,4.14072718047e-06
726,SI159N,0.00166366878023
727,SI159S,0.000309419478731
728,SI159T,0.000250513306184
729,SI159V,0.000621309730158
730,SI165A,3.6038603024e-07
731,SI165C,0.0
732,SI165D,4.42553060541e-05
733,SI165F,0.00105383126591
734,SI165L,5.06371476043e-05
735,SI165M,0.0
736,SI165N,0.000529610406177
737,SI165S,0.000131764746204
738,SI165T,0.000378706369367
739,SI165V,0.0
740,SI169A,0.0
741,SI169D,0.0
742,SI169F,0.000984708379704
743,SI169H,0.0
744,SI169L,0.000180304931413
745,SI169M,2.4040999686e-05
746,SI169N,5.03645047931e-05
747,SI169S,0.000107981953506
748,SI169T,0.000288058163507
749,SI169V,0.000761616150411
750,SI186A,0.0
751,SI186D,0.0
752,SI186F,0.0
753,SI186L,6.02723830324e-05
754,SI186M,0.0
755,SI186N,0.000267014604794
756,SI186S,9.25909411909e-06
757,SI186T,0.000194324700479
758,SI186V,0.000704710049939
759,SI186Y,0.0
760,SI227A,7.84293995271e-06
761,SI227D,0.0
762,SI227F,0.0
763,SI227G,0.0
764,SI227L,7.81505884555e-05
765,SI227M,0.0
766,SI227N,0.000128007294649
767,SI227P,0.0
768,SI227S,9.19695703988e-05
769,SI227T,0.0
770,SI227V,0.0
771,SI227Y,0.0
772,SI45A,9.42297334382e-05
773,SI45F,0.000744225347088
774,SI45L,3.84857983615e-06
775,SI45M,6.10098069963e-05
776,SI45N,0.00058938608372
777,SI45S,0.000306402303736
778,SI45T,0.000629038097693
779,SI45V,0.0
780,SI96A,6.71290539177e-05
781,SI96F,0.00267936400172
782,SI96L,0.0
783,SI96M,0.0
784,SI96N,0.00154088084353
785,SI96S,0.000183036975561
786,SI96T,0.00286010543457
787,SI96V,0.0
788,SK1*,0.000159783085605
789,SK105*,0.000402824555707
790,SK105A,0.0
791,SK105E,0.0
792,SK105G,7.62315403824e-06
793,SK105M,0.0
794,SK105N,8.67925759584e-06
795,SK105Q,0.0
796,SK105R,0.0
797,SK105S,0.0
798,SK105T,9.57809447231e-05
799,SK105V,3.02617895298e-06
800,SK105W,0.0
801,SK111*,0.00107211454789
802,SK111A,0.0
803,SK111E,0.00275586585855
804,SK111G,8.14625911172e-06
805,SK111L,0.0
806,SK111M,0.000157981219855
807,SK111N,0.0
808,SK111Q,1.96614275523e-05
809,SK111R,0.000530048606997
810,SK111T,0.000102267065736
811,SK111V,0.0
812,SK111W,0.0
813,SK124*,0.00111817241734
814,SK124E,0.000389529822134
815,SK124G,8.17203054873e-05
816,SK124M,0.0
817,SK124N,0.000188597526007
818,SK124Q,0.0
819,SK124R,0.00030218573997
820,SK124T,9.48752080772e-05
821,SK124V,0.0
822,SK129*,0.00026879453519
823,SK129E,0.00016335536769
824,SK129G,6.53495650105e-06
825,SK129L,8.97752984985e-06
826,SK129M,0.000321320153467
827,SK129N,2.70851383288e-05
828,SK129Q,9.85374454109e-05
829,SK129R,0.000140732138827
830,SK129T,5.28831328128e-06
831,SK129V,0.0
832,SK138*,0.000944216475092
833,SK138E,0.00123456860943
834,SK138G,0.0
835,SK138L,5.67855021884e-05
836,SK138M,0.000240710115867
837,SK138N,0.0
838,SK138Q,0.000400166515267
839,SK138R,0.000254589980447
840,SK138T,2.49757187816e-05
841,SK138V,0.0
842,SK138W,0.0
843,SK154*,0.000512250231146
844,SK154E,0.000348543729784
845,SK154G,0.0
846,SK154I,0.0
847,SK154L,0.0
848,SK154M,0.0
849,SK154N,0.000417474793992
850,SK154Q,0.0
851,SK154R,0.000559281119447
852,SK154T,0.0
853,SK154V,0.000156954802857
854,SK154W,0.0
855,SK156*,0.00154578139981
856,SK156D,0.0
857,SK156E,0.0
858,SK156G,2.85392425727e-05
859,SK156M,0.0
860,SK156N,0.000166159071574
861,SK156Q,0.000135585045378
862,SK156R,0.00101334619633
863,SK156S,0.0
864,SK156T,0.0
865,SK156V,0.0
866,SK156W,0.0
867,SK160*,0.000421625638211
868,SK160E,0.0
869,SK160G,6.84457224696e-05
870,SK160M,0.0
871,SK160N,0.0
872,SK160Q,0.0
873,SK160R,0.000910495799868
874,SK160S,0.0
875,SK160T,5.39988380536e-05
876,SK160V,0.0
877,SK160W,0.0
878,SK164*,0.000268482313359
879,SK164D,0.0
880,SK164E,0.000273686276538
881,SK164G,0.0
882,SK164I,0.0
883,SK164L,3.93218010384e-05
884,SK164M,0.000162363705414
885,SK164N,1.97796951363e-05
886,SK164Q,0.000165829893066
887,SK164R,0.0
888,SK164S,0.0
889,SK164T,0.000150846790659
890,SK164V,0.0
891,SK164W,0.0
892,SK1E,0.0
893,SK1M,5.0784349148e-05
894,SK1N,5.00713415712e-05
895,SK1Q,0.000171117422269
896,SK1R,0.000260241386455
897,SK1T,0.0
898,SK207*,0.000608075302758
899,SK207D,0.0
900,SK207E,0.00100679544789
901,SK207G,0.0
902,SK207I,0.0
903,SK207M,0.0
904,SK207N,0.000271073234727
905,SK207Q,0.0
906,SK207R,0.0
907,SK207S,0.0
908,SK207T,0.000159154400828
909,SK207V,0.0
910,SK212*,0.00126269534927
911,SK212A,0.0
912,SK212E,0.000298735026269
913,SK212G,0.0
914,SK212I,0.0
915,SK212L,0.0
916,SK212M,0.0
917,SK212N,0.0
918,SK212Q,5.26668590359e-05
919,SK212R,0.0
920,SK212T,0.000180631774577
921,SK212W,0.0
922,SK24*,0.0
923,SK24E,0.000479210379918
924,SK24G,6.21308783919e-05
925,SK24L,0.0
926,SK24M,0.00024205329889
927,SK24N,0.000120401944651
928,SK24Q,9.6060249736e-05
929,SK24R,0.000369121413542
930,SK24T,8.01182461962e-06
931,SK24V,0.0
932,SK39A,0.0
933,SK39E,0.000760417353641
934,SK39G,0.0
935,SK39L,0.0
936,SK39M,0.000153065419714
937,SK39N,9.6015844129e-05
938,SK39Q,0.00010490909278
939,SK39R,0.0
940,SK39T,0.0
941,SK39W,0.0
942,SK43*,0.00281406270264
943,SK43E,0.00414212054673
944,SK43G,4.84201496781e-05
945,SK43M,0.000497319493825
946,SK43N,5.93328487453e-06
947,SK43Q,0.000165099373982
948,SK43R,0.000450661335292
949,SK43T,2.02388776878e-05
950,SK43V,5.55278347647e-05
951,SK43W,0.0
952,SK50A,0.0
953,SK50D,0.0
954,SK50E,0.0
955,SK50G,0.0
956,SK50L,9.79062371863e-05
957,SK50M,0.000322349720183
958,SK50N,0.0
959,SK50Q,4.91744145252e-05
960,SK50R,0.0
961,SK50S,0.0
962,SK50T,0.0
963,SK50V,0.0
964,SK77*,0.00157829004833
965,SK77E,0.00148701219516
966,SK77G,3.31607581499e-05
967,SK77M,0.0
968,SK77N,0.0
969,SK77Q,0.0
970,SK77R,0.0
971,SK77T,0.0
972,SK77V,0.0
973,SK77W,0.000131170597208
974,SK77Y,0.0
975,SK83*,0.000551038477244
976,SK83E,0.00681462415025
977,SK83G,0.000111569728795
978,SK83L,0.0
979,SK83M,0.000786611959906
980,SK83N,0.000163810526342
981,SK83Q,0.000225938041304
982,SK83R,0.00379334983024
983,SK83T,5.6020417321e-05
984,SK83V,0.0
985,SK83W,0.0
986,SK99*,0.000232730215419
987,SK99E,0.000441052155927
988,SK99G,3.79518190078e-05
989,SK99I,0.0
990,SK99L,0.0
991,SK99M,0.000361286837617
992,SK99N,4.56674294965e-05
993,SK99Q,0.000226226336576
994,SK99R,0.000229063407903
995,SK99S,0.0
996,SK99T,0.0
997,SK99W,0.0
998,SL123A,0.0
999,SL123M,0.0
1000,SL123P,0.00461550676047
1001,SL123Q,0.00212271447777
1002,SL123R,0.000750154218846
1003,SL123T,0.0
1004,SL123V,0.0
1005,SL135M,0.0
1006,SL135P,0.00502088882311
1007,SL135Q,0.000823212291446
1008,SL135R,0.000185901967031
1009,SL135T,0.0
1010,SL135V,0.0
1011,SL139*,0.0
1012,SL139M,7.40892653154e-05
1013,SL139P,0.00289000145693
1014,SL139Q,0.00068488273616
1015,SL139R,0.000423400605413
1016,SL139V,0.0
1017,SL13M,0.0
1018,SL13P,0.00458333221687
1019,SL13Q,0.000402203822883
1020,SL13R,0.0
1021,SL13V,0.0
1022,SL16M,9.06124375183e-05
1023,SL16P,0.00602623614081
1024,SL16Q,0.00285135572876
1025,SL16R,0.000573295869402
1026,SL16S,0.0
1027,SL16V,0.0
1028,SL176F,0.000128040415733
1029,SL176H,0.0
1030,SL176I,0.0
1031,SL176P,0.000290579032384
1032,SL176R,7.50486387756e-05
1033,SL176V,0.0
1034,SL176Y,0.0
1035,SL192M,0.0
1036,SL192P,0.000810752987009
1037,SL192Q,0.0
1038,SL192R,0.0
1039,SL192S,0.0
1040,SL192V,0.0
1041,SL193A,0.0
1042,SL193K,0.0
1043,SL193M,0.0
1044,SL193P,0.00195182374261
1045,SL193Q,0.0
1046,SL193R,0.000248088215534
1047,SL193T,0.0
1048,SL193V,0.0
1049,SL199H,0.0
1050,SL199M,8.4982355771e-05
1051,SL199P,0.00542059774839
1052,SL199Q,0.000642781406662
1053,SL199R,0.000906981675182
1054,SL199V,1.60913660552e-06
1055,SL205M,0.0
1056,SL205P,0.00281967271472
1057,SL205Q,0.00240282212994
1058,SL205R,0.000702365857403
1059,SL205V,2.67887406895e-05
1060,SL218M,0.0
1061,SL218P,0.00508230464224
1062,SL218Q,0.00146605569696
1063,SL218R,0.000652635803093
1064,SL218V,2.17420289331e-05
1065,SL219M,4.67956792889e-05
1066,SL219P,0.00478741987228
1067,SL219Q,0.0
1068,SL219R,0.000104342756466
1069,SL219S,1.2621245038e-05
1070,SL219V,0.000258552864701
1071,SL234*,0.0
1072,SL234M,6.11286777947e-05
1073,SL234P,0.000442636030745
1074,SL234Q,0.0
1075,SL234R,0.0
1076,SL234S,0.0
1077,SL234V,0.0
1078,SL40M,4.27345894202e-05
1079,SL40P,0.00547237235005
1080,SL40Q,0.00170630996767
1081,SL40R,0.00019719115549
1082,SL40S,0.0
1083,SL40V,6.22197434841e-06
1084,SL40W,0.0
1085,SL42M,0.0
1086,SL42P,0.00458164184434
1087,SL42Q,0.00135967700827
1088,SL42R,0.000699191962531
1089,SL42S,0.0
1090,SL42T,0.0
1091,SL42V,1.37999362486e-05
1092,SL51M,0.0
1093,SL51P,0.00396562307336
1094,SL51Q,0.00138935235569
1095,SL51R,0.000341673664162
1096,SL51S,0.0
1097,SL51V,0.0
1098,SL58A,0.0
1099,SL58F,0.000578452190299
1100,SL58H,0.00235005399052
1101,SL58I,8.46717314997e-05
1102,SL58P,0.00616731830807
1103,SL58R,0.000208892908818
1104,SL58S,0.0
1105,SL58T,0.0
1106,SL58V,0.0
1107,SL5I,0.0
1108,SL5M,0.0
1109,SL5P,0.000492427291981
1110,SL5Q,0.0
1111,SL5R,2.8270355551e-05
1112,SL5S,0.0
1113,SL5V,0.0
1114,SL62M,0.0
1115,SL62P,0.00602480113877
1116,SL62Q,0.0033422670673
1117,SL62R,0.000401549074289
1118,SL62T,0.0
1119,SL62V,6.69220208068e-05
1120,SM151A,0.0
1121,SM151E,0.0
1122,SM151I,0.0
1123,SM151K,0.000346597186215
1124,SM151L,0.0
1125,SM151R,0.0
1126,SM151S,0.0
1127,SM151T,0.0
1128,SM151V,0.000617983524617
1129,SM216A,4.92215114334e-07
1130,SM216E,0.0
1131,SM216I,0.000398971949168
1132,SM216K,0.00266028477836
1133,SM216L,0.000199062793607
1134,SM216Q,0.0
1135,SM216R,0.000595317813559
1136,SM216S,0.0
1137,SM216T,0.0024535169585
1138,SM216V,0.00234571732843
1139,SM231*,0.0
1140,SM231A,0.0
1141,SM231E,0.0
1142,SM231G,0.0
1143,SM231I,0.0
1144,SM231K,0.0
1145,SM231L,0.000390694023783
1146,SM231P,0.0
1147,SM231R,0.0
1148,SM231S,0.0
1149,SM231T,0.0
1150,SM231V,0.000437760352307
1151,SM76A,2.84649644673e-05
1152,SM76E,1.52268982279e-06
1153,SM76G,0.0
1154,SM76I,2.00377720362e-05
1155,SM76K,0.000740726826391
1156,SM76L,0.000136126082961
1157,SM76R,0.000173458883726
1158,SM76S,0.0
1159,SM76T,0.00162785972522
1160,SM76V,0.000525214655277
1161,SM86A,1.3642610347e-05
1162,SM86E,5.93405675563e-05
1163,SM86I,0.000255310137086
1164,SM86K,0.00203956447561
1165,SM86L,0.0
1166,SM86Q,0.0
1167,SM86R,0.000540904274279
1168,SM86S,3.63688670937e-05
1169,SM86T,0.00341247414456
1170,SM86V,0.001836581005
1171,SN103C,6.65289048568e-05
1172,SN103D,0.00161611807402
1173,SN103F,0.0
1174,SN103G,4.18008334636e-05
1175,SN103H,0.0
1176,SN103I,0.000734943618473
1177,SN103K,0.0
1178,SN103L,0.0
1179,SN103R,0.0
1180,SN103S,0.000223219802028
1181,SN103T,0.000314309710791
1182,SN103V,0.0
1183,SN103Y,0.000478407877402
1184,SN119*,0.0
1185,SN119A,0.0
1186,SN119C,0.0
1187,SN119D,0.0047601809148
1188,SN119E,0.0
1189,SN119G,5.95209297628e-05
1190,SN119H,4.54344174924e-05
1191,SN119I,0.00138514418372
1192,SN119K,9.05543226082e-05
1193,SN119L,0.0
1194,SN119R,0.0
1195,SN119S,2.96090299672e-05
1196,SN119T,0.000185607368225
1197,SN119V,3.36985137339e-06
1198,SN119Y,0.0025965248534
1199,SN133A,0.0
1200,SN133C,1.0018348417e-05
1201,SN133D,0.0
1202,SN133G,3.67493827986e-05
1203,SN133H,0.0
1204,SN133I,0.0
1205,SN133K,0.0
1206,SN133S,0.0
1207,SN133T,0.0
1208,SN133V,0.0
1209,SN133Y,0.0
1210,SN142A,0.0
1211,SN142D,0.0
1212,SN142E,0.0
1213,SN142G,0.0
1214,SN142H,7.84524759905e-05
1215,SN142I,0.00029682535479
1216,SN142K,0.000123647725325
1217,SN142S,0.000406597904542
1218,SN142T,0.0
1219,SN142V,0.0
1220,SN142Y,0.0
1221,SN144A,0.0
1222,SN144C,0.0
1223,SN144D,0.000257289475532
1224,SN144G,0.0
1225,SN144H,0.0
1226,SN144I,0.00036963692399
1227,SN144K,8.21632039949e-06
1228,SN144S,0.0
1229,SN144T,0.0
1230,SN144V,0.0
1231,SN144Y,0.0
1232,SN147C,0.0
1233,SN147D,0.000466409088603
1234,SN147G,0.0
1235,SN147H,0.0
1236,SN147I,0.0
1237,SN147K,0.0
1238,SN147R,0.0
1239,SN147S,0.000525874080282
1240,SN147T,7.1407337105e-05
1241,SN147V,0.0
1242,SN147Y,0.0
1243,SN157A,2.16302609226e-05
1244,SN157D,3.20660391975e-05
1245,SN157G,0.0
1246,SN157H,6.43932219064e-05
1247,SN157I,0.000196466496369
1248,SN157K,3.86032776967e-06
1249,SN157R,0.0
1250,SN157S,0.000190348150742
1251,SN157T,2.35663390832e-05
1252,SN157V,9.56623363002e-06
1253,SN157Y,0.00039410336941
1254,SN162A,0.0
1255,SN162C,0.0
1256,SN162D,0.000182124127763
1257,SN162F,0.0
1258,SN162G,5.97886273279e-06
1259,SN162H,0.0
1260,SN162I,0.00039706570067
1261,SN162K,0.000102672303357
1262,SN162R,0.0
1263,SN162S,0.0
1264,SN162T,0.0
1265,SN162V,5.38313209075e-06
1266,SN162Y,0.0
1267,SN168C,0.0
1268,SN168D,0.0
1269,SN168F,0.0
1270,SN168G,0.0
1271,SN168H,0.0
1272,SN168I,4.24046673528e-05
1273,SN168K,2.19353598285e-06
1274,SN168R,1.42654881861e-05
1275,SN168S,0.0
1276,SN168T,0.0
1277,SN168Y,0.000245483391355
1278,SN183A,3.06249990917e-05
1279,SN183C,1.64679160021e-05
1280,SN183D,0.0016163652343
1281,SN183G,0.000175541016292
1282,SN183H,0.000273682674716
1283,SN183I,4.57891043234e-05
1284,SN183K,2.93542961604e-05
1285,SN183P,0.0
1286,SN183R,0.0
1287,SN183S,0.000687321919936
1288,SN183T,7.03234984069e-05
1289,SN183V,0.0
1290,SN183Y,0.00114200671884
1291,SN196*,0.0
1292,SN196A,0.0
1293,SN196D,0.0
1294,SN196E,0.0
1295,SN196F,0.0
1296,SN196G,1.27010266139e-05
1297,SN196H,0.0
1298,SN196I,0.000254810333408
1299,SN196K,0.0
1300,SN196S,0.0
1301,SN196T,0.0
1302,SN196V,0.0
1303,SN196Y,0.000336568943759
1304,SN21*,0.0
1305,SN210C,1.53391133262e-06
1306,SN210D,0.0
1307,SN210F,0.0
1308,SN210G,3.98736376916e-06
1309,SN210H,0.0
1310,SN210I,0.000617361798604
1311,SN210K,3.34212952339e-05
1312,SN210R,2.10095874972e-05
1313,SN210S,3.41857258832e-05
1314,SN210T,0.000252836558624
1315,SN210V,0.0
1316,SN210Y,0.0
1317,SN21C,0.0
1318,SN21D,0.00106962654564
1319,SN21F,3.14426685226e-05
1320,SN21G,0.000121313837227
1321,SN21H,0.000132818743986
1322,SN21I,0.000779531328199
1323,SN21K,8.02384080923e-05
1324,SN21S,0.00078611518571
1325,SN21T,0.000544234930196
1326,SN21V,0.0
1327,SN21Y,0.000704826692256
1328,SP11A,5.46168318345e-05
1329,SP11H,0.000188662561462
1330,SP11L,0.000153796301314
1331,SP11R,0.0
1332,SP11S,0.000609868678752
1333,SP11T,0.000326014085123
1334,SP185A,0.0
1335,SP185H,0.0
1336,SP185L,0.0
1337,SP185R,0.0
1338,SP185S,5.6426254513e-05
1339,SP185T,7.86743583021e-05
1340,SP190A,0.0
1341,SP190H,0.0
1342,SP190L,0.0
1343,SP190R,3.65024976227e-05
1344,SP190S,3.70976658159e-06
1345,SP190T,0.000207363816383
1346,SP194A,0.0
1347,SP194H,0.0
1348,SP194L,0.000284724233778
1349,SP194R,3.15246259051e-05
1350,SP194S,1.70941114264e-05
1351,SP194T,0.000190673680686
1352,SP209A,3.46424615822e-05
1353,SP209F,0.0
1354,SP209H,0.0
1355,SP209L,0.000205329421508
1356,SP209R,3.62796330894e-05
1357,SP209S,0.0
1358,SP209T,9.92710632508e-05
1359,SP52A,0.000208587774381
1360,SP52H,5.46516744215e-06
1361,SP52L,0.000374562079232
1362,SP52R,0.000143010546525
1363,SP52S,0.000250745627027
1364,SP52T,0.000203155868258
1365,SP54A,7.94348731681e-07
1366,SP54F,1.77451491721e-05
1367,SP54H,0.000148897572281
1368,SP54L,0.000674571346698
1369,SP54R,2.89435061682e-05
1370,SP54S,1.56370221394e-06
1371,SP54T,0.000301597838799
1372,SP56A,0.000115109787242
1373,SP56H,0.000118434597098
1374,SP56L,0.000493035759686
1375,SP56R,7.10189065133e-05
1376,SP56S,0.0
1377,SP56T,7.3865365694e-05
1378,SP73A,0.0
1379,SP73F,0.0
1380,SP73H,8.49207502399e-05
1381,SP73L,0.000141975937885
1382,SP73R,4.59981086944e-05
1383,SP73S,0.0
1384,SP73T,1.50247576577e-05
1385,SP87A,0.0
1386,SP87H,0.000266824545198
1387,SP87L,0.000134344929913
1388,SP87R,2.22530469683e-05
1389,SP87S,0.000220636442999
1390,SP87T,0.0
1391,SQ155*,0.000291615115181
1392,SQ155E,5.59209206282e-05
1393,SQ155G,0.0
1394,SQ155H,1.31319784836e-05
1395,SQ155K,0.0
1396,SQ155L,0.000699000273026
1397,SQ155P,0.0
1398,SQ155R,2.63955617311e-05
1399,SQ155W,0.0
1400,SQ175*,0.000298905533054
1401,SQ175E,8.52927343947e-05
1402,SQ175G,0.0
1403,SQ175H,9.3789864819e-05
1404,SQ175K,8.63524877588e-05
1405,SQ175L,0.0
1406,SQ175P,0.000429071639348
1407,SQ175R,0.00438525497248
1408,SQ181*,0.000538320050547
1409,SQ181E,0.0
1410,SQ181H,0.000204576448326
1411,SQ181K,0.000166100628815
1412,SQ181L,0.00311226026104
1413,SQ181P,0.000663734103397
1414,SQ181R,0.005252228124
1415,SQ182*,0.000219672785071
1416,SQ182E,1.14123395911e-06
1417,SQ182H,0.0
1418,SQ182K,2.91373007499e-06
1419,SQ182L,0.0
1420,SQ182P,0.000534567699716
1421,SQ182R,0.00080569525052
1422,SQ182W,0.0
1423,SQ182Y,0.0
1424,SQ202*,0.000513015463924
1425,SQ202E,8.30565153005e-05
1426,SQ202H,0.0
1427,SQ202K,0.000238361917068
1428,SQ202L,0.000655308729315
1429,SQ202P,0.000442906311177
1430,SQ202R,0.0
1431,SQ67*,0.000750054832316
1432,SQ67E,0.0
1433,SQ67H,0.0
1434,SQ67K,1.09325182266e-05
1435,SQ67L,0.00144462851702
1436,SQ67P,0.000124899842393
1437,SQ67R,0.00587270229369
1438,SQ78*,0.000402409597729
1439,SQ78E,0.0
1440,SQ78H,0.0
1441,SQ78K,0.0
1442,SQ78L,0.0
1443,SQ78P,0.000100961113353
1444,SQ78R,0.0
1445,SQ78V,0.0
1446,SQ78W,1.21111072059e-05
1447,SQ92*,6.39810750058e-05
1448,SQ92H,4.36215277388e-06
1449,SQ92K,8.60153621808e-05
1450,SQ92L,0.00209967410962
1451,SQ92P,0.000702658816975
1452,SQ92R,0.00540034935355
1453,SQ92T,0.0
1454,SR107C,0.000178919366523
1455,SR107G,0.000171648410014
1456,SR107H,3.16399739453e-05
1457,SR107L,7.51549555045e-06
1458,SR107P,5.38289883237e-05
1459,SR107S,0.0
1460,SR120C,0.000146168942711
1461,SR120G,1.00138362721e-05
1462,SR120H,5.90885033374e-05
1463,SR120L,5.87757556114e-06
1464,SR120P,0.000146578075181
1465,SR120S,0.0
1466,SR166C,0.000181368153091
1467,SR166G,0.0
1468,SR166H,0.0
1469,SR166L,0.0
1470,SR166P,0.0
1471,SR166S,0.000233396120592
1472,SR213C,0.0
1473,SR213G,7.82237628899e-05
1474,SR213H,0.000135565667291
1475,SR213L,2.95071012312e-05
1476,SR213P,8.95672401794e-05
1477,SR213S,0.0
1478,SR71C,0.0
1479,SR71G,5.14902229709e-05
1480,SR71H,5.87020394913e-05
1481,SR71L,3.58208418216e-05
1482,SR71P,4.53824000582e-05
1483,SR71S,0.0
1484,SR71Y,0.0
1485,SR94C,0.00156958489642
1486,SR94G,0.000298344001196
1487,SR94H,0.00151100155489
1488,SR94L,0.000227313802458
1489,SR94P,0.000173536322812
1490,SR94S,0.000386005477934
1491,SS145A,0.0
1492,SS145C,0.000518934174089
1493,SS145D,0.0
1494,SS145G,0.0
1495,SS145I,0.0
1496,SS145N,4.0403085824e-05
1497,SS145R,6.76980795086e-05
1498,SS145T,1.25955022362e-05
1499,SS145Y,0.0
1500,SS173C,0.0
1501,SS173D,5.79821124702e-06
1502,SS173G,0.00081356131159
1503,SS173I,0.0
1504,SS173N,6.00453568501e-05
1505,SS173R,0.000254066339832
1506,SS173T,0.0
1507,SS200C,0.00016188654138
1508,SS200D,0.0
1509,SS200G,0.000217393089927
1510,SS200I,6.39608693582e-05
1511,SS200N,0.0
1512,SS200R,0.0
1513,SS200T,0.0
1514,SS200V,0.0
1515,SS203A,0.000109293236775
1516,SS203C,0.000143081219816
1517,SS203F,0.000932309675913
1518,SS203P,0.00444605125928
1519,SS203T,0.000122781112945
1520,SS203Y,0.000279248776569
1521,SS206C,0.000196109056315
1522,SS206G,0.000222775086669
1523,SS206I,0.0
1524,SS206N,0.000105883365534
1525,SS206R,0.000157545842424
1526,SS206T,4.15646792808e-05
1527,SS206V,0.0
1528,SS26*,0.0
1529,SS26C,0.0
1530,SS26D,0.0
1531,SS26G,0.000501012554505
1532,SS26H,0.0
1533,SS26I,0.0
1534,SS26N,0.0
1535,SS26R,4.48997358071e-05
1536,SS26T,0.0
1537,SS26V,0.0
1538,SS28A,6.39867782981e-06
1539,SS28C,0.0
1540,SS28F,0.0
1541,SS28L,0.0
1542,SS28P,0.00669404942676
1543,SS28T,0.000377410244877
1544,SS28Y,0.000188948801659
1545,SS63*,0.000290824709014
1546,SS63A,0.000563085739787
1547,SS63L,0.000725012745692
1548,SS63P,0.0069868608375
1549,SS63T,0.000827369296134
1550,SS70C,0.0
1551,SS70D,0.0
1552,SS70G,5.78791989351e-05
1553,SS70I,8.7805590635e-06
1554,SS70N,0.00049426958975
1555,SS70R,0.00115432962316
1556,SS70T,0.0
1557,SS84A,0.0
1558,SS84C,0.0
1559,SS84F,6.01335476136e-05
1560,SS84L,0.0
1561,SS84P,0.00185781504893
1562,SS84T,0.000124049283901
1563,SS84Y,6.98402296616e-05
1564,ST106A,0.000503547021735
1565,ST106I,0.00059366744814
1566,ST106N,0.000116066130219
1567,ST106P,0.000203142729556
1568,ST106S,0.0
1569,ST116A,0.000269767411244
1570,ST116I,0.0
1571,ST116K,9.17532433987e-05
1572,ST116L,0.0
1573,ST116P,0.000395545394191
1574,ST116R,0.0
1575,ST116S,0.000283803388581
1576,ST184A,0.000458105129482
1577,ST184F,0.0
1578,ST184I,0.0
1579,ST184N,0.0
1580,ST184P,0.00040178776924
1581,ST184S,0.000244964770196
1582,ST201A,0.000260229106096
1583,ST201I,0.000165454882148
1584,ST201N,0.000160099144104
1585,ST201P,0.000327503967976
1586,ST201S,0.000334864046007
1587,ST201V,0.0
1588,ST223A,0.0
1589,ST223I,3.41084573481e-05
1590,ST223N,2.00081823059e-05
1591,ST223P,0.000159379353627
1592,ST223S,8.43273450224e-06
1593,ST228A,0.000108923113609
1594,ST228D,0.0
1595,ST228F,0.0
1596,ST228I,0.0
1597,ST228N,0.0
1598,ST228P,0.0
1599,ST228S,0.000183522200371
1600,ST228V,0.0
1601,ST36A,0.000932374405479
1602,ST36I,0.000110292990096
1603,ST36N,0.0
1604,ST36P,8.16602119444e-05
1605,ST36S,0.000136026206619
1606,ST36V,0.0
1607,ST41A,0.000474068706877
1608,ST41C,0.0
1609,ST41G,0.0
1610,ST41I,6.20674532988e-05
1611,ST41N,2.56209578683e-05
1612,ST41P,0.000334497444971
1613,ST41S,0.0
1614,ST41V,0.0
1615,ST47A,0.00149624801535
1616,ST47F,0.0
1617,ST47I,0.0
1618,ST47N,4.49212246832e-05
1619,ST47P,5.74481796023e-07
1620,ST47S,7.56960973104e-05
1621,ST48A,0.000679386552909
1622,ST48I,0.00027972049065
1623,ST48N,0.0
1624,ST48P,0.000153319028873
1625,ST48S,0.0
1626,ST57A,0.000698533860023
1627,ST57I,0.000260381850948
1628,ST57N,7.06065317109e-05
1629,ST57P,0.000691318076223
1630,ST57S,0.0
1631,ST60A,0.00154132989706
1632,ST60I,0.000692538603353
1633,ST60N,0.0
1634,ST60P,7.13550819234e-05
1635,ST60S,0.000456391572717
1636,ST61A,0.00172861462241
1637,ST61D,0.0
1638,ST61I,0.000244909324665
1639,ST61N,8.64257484667e-05
1640,ST61P,0.000190935142768
1641,ST61S,0.0
1642,ST61V,0.0
1643,ST7A,0.0
1644,ST7F,0.0
1645,ST7I,3.90319027626e-05
1646,ST7N,0.0
1647,ST7P,0.0
1648,ST7S,0.000185798179626
1649,ST95A,9.53243959561e-05
1650,ST95I,0.0
1651,ST95N,1.76717930911e-06
1652,ST95P,0.000629740782994
1653,ST95S,0.0
1654,SV10A,0.00343247320235
1655,SV10E,0.00325911097918
1656,SV10G,0.00033038445608
1657,SV10K,0.0
1658,SV10L,0.0
1659,SV10M,2.20482493993e-05
1660,SV10T,4.38599264915e-05
1661,SV110A,0.00219969672264
1662,SV110E,0.00286028856593
1663,SV110G,0.00066145838901
1664,SV110I,0.0
1665,SV110L,0.0
1666,SV110M,0.000342273420242
1667,SV110S,0.0
1668,SV110T,0.0
1669,SV148A,0.000529989384249
1670,SV148D,0.00162959809451
1671,SV148F,1.76827985485e-05
1672,SV148G,0.0
1673,SV148I,1.85773303399e-05
1674,SV148L,0.0
1675,SV148S,0.0
1676,SV148T,0.0
1677,SV14A,0.00340906700574
1678,SV14D,0.0019741487771
1679,SV14F,4.67393106831e-05
1680,SV14G,0.000252947570782
1681,SV14I,0.000152333746621
1682,SV14L,0.000107056618578
1683,SV14T,0.0
1684,SV161A,0.00125953237233
1685,SV161E,0.000288568861859
1686,SV161G,0.000280819285451
1687,SV161K,0.0
1688,SV161L,0.0
1689,SV161M,0.0
1690,SV174A,0.000318758042977
1691,SV174E,2.93127590092e-05
1692,SV174G,1.47249439507e-05
1693,SV174L,0.000168139966149
1694,SV174M,0.000158028266067
1695,SV191A,0.000379050758682
1696,SV191E,0.000549847761614
1697,SV191G,2.17543292251e-05
1698,SV191K,0.0
1699,SV191L,7.59892212309e-05
1700,SV191M,0.000343773355818
1701,SV191T,0.0
1702,SV20A,0.00197476106324
1703,SV20E,0.000986407952262
1704,SV20G,0.000293287520118
1705,SV20I,0.0
1706,SV20L,0.000173738691862
1707,SV217A,0.00123469184702
1708,SV217D,0.000876223204881
1709,SV217F,0.0
1710,SV217G,2.08946114048e-05
1711,SV217I,4.59851499611e-05
1712,SV217L,8.88323518167e-06
1713,SV222A,0.00189671040621
1714,SV222E,0.00179185127936
1715,SV222G,0.000313326359203
1716,SV222K,0.0
1717,SV222L,0.000179487007811
1718,SV222M,0.00105969831751
1719,SV222T,0.0
1720,SV27A,0.00494874660285
1721,SV27E,0.00355671579717
1722,SV27G,0.000581895622572
1723,SV27K,0.0
1724,SV27L,3.89208946927e-06
1725,SV27M,0.00105768791359
1726,SV27Q,0.0
1727,SV27T,0.0
1728,SV53A,0.00581467842056
1729,SV53E,0.00261149889182
1730,SV53G,0.000827700096856
1731,SV53K,0.0
1732,SV53L,9.69569394123e-05
1733,SV53M,0.00023250889711
1734,SV59A,0.00274233030677
1735,SV59E,0.00281813345034
1736,SV59G,0.000752179346854
1737,SV59I,0.0
1738,SV59L,0.000208381279665
1739,SV59M,0.000648703869073
1740,SV66A,0.0
1741,SV66E,0.000780607740257
1742,SV66G,0.000111770051754
1743,SV66K,0.0
1744,SV66L,0.0
1745,SV66M,0.000271653546548
1746,SV66R,0.0
1747,SV66T,0.0
1748,SV91A,0.000926649339639
1749,SV91D,0.000828841405461
1750,SV91F,0.0
1751,SV91G,0.000156038392086
1752,SV91I,0.0
1753,SV91L,1.77222894013e-05
1754,SV91T,0.0
1755,SV91Y,0.0
1756,SV9A,0.000523886290749
1757,SV9E,0.000255551727128
1758,SV9G,0.000115511026917
1759,SV9K,0.0
1760,SV9L,0.0
1761,SV9M,0.0
1762,SV9T,0.0
1763,SW55*,0.00116935108966
1764,SW55C,0.000343549957953
1765,SW55G,0.000714936596362
1766,SW55L,0.000263610946825
1767,SW55Q,0.0
1768,SW55R,0.00886912821682
1769,SW55S,0.0
1770,SY104*,0.000121517106712
1771,SY104C,0.00117079652383
1772,SY104D,0.000267239893176
1773,SY104F,0.0
1774,SY104G,3.97121927728e-05
1775,SY104H,0.00292566926847
1776,SY104L,2.16890492903e-05
1777,SY104N,0.00148244960455
1778,SY104R,0.0
1779,SY104S,0.000425968796411
1780,SY141*,8.03604112313e-05
1781,SY141C,0.00141774524546
1782,SY141D,2.06691704726e-05
1783,SY141F,0.0
1784,SY141H,0.00103514193096
1785,SY141I,0.0
1786,SY141L,0.0
1787,SY141N,0.000635398108556
1788,SY141R,2.54687557787e-05
1789,SY141S,7.41428229503e-05
1790,SY143*,9.8620500781e-05
1791,SY143C,0.0
1792,SY143D,0.0
1793,SY143F,0.000182762800613
1794,SY143G,0.0
1795,SY143H,0.0
1796,SY143L,0.0
1797,SY143N,0.000148504126313
1798,SY143Q,0.0
1799,SY143R,0.0
1800,SY143S,0.000115587588663
1801,SY149*,0.000853785655093
1802,SY149C,0.000139842434697
1803,SY149D,0.0
1804,SY149F,0.0
1805,SY149H,0.0
1806,SY149L,0.0
1807,SY149N,0.0
1808,SY149R,0.0
1809,SY149S,8.0486247454e-05
1810,SY149V,0.0
1811,SY180*,0.000103160620892
1812,SY180C,7.95344695803e-06
1813,SY180D,3.54800881605e-05
1814,SY180F,0.000308167497246
1815,SY180G,0.0
1816,SY180H,0.000346587464183
1817,SY180L,0.0
1818,SY180N,1.50147750818e-05
1819,SY180R,0.0
1820,SY180S,6.71550831826e-05
1821,SY198*,0.00010539458154
1822,SY198C,0.0
1823,SY198D,0.000118200374379
1824,SY198F,0.0
1825,SY198H,0.000167910109826
1826,SY198L,0.0
1827,SY198N,0.000164699852271
1828,SY198P,0.0
1829,SY198R,0.0
1830,SY198S,4.73235681407e-05
1831,SY235*,4.05740424037e-05
1832,SY235C,0.0
1833,SY235D,0.0
1834,SY235F,0.000231054421632
1835,SY235H,0.0
1836,SY235N,0.000136558575932
1837,SY235S,0.0
1838,SY37*,0.000153488958845
1839,SY37C,0.000791490624263
1840,SY37D,0.0
1841,SY37E,0.0
1842,SY37F,1.18417300701e-05
1843,SY37H,0.000249606452459
1844,SY37L,0.0
1845,SY37N,0.0
1846,SY37Q,0.0
1847,SY37R,0.0
1848,SY37S,0.0
1849,SY37T,0.0
1850,SY37W,0.0
1851,SY64*,0.000616843462036
1852,SY64C,0.00381350995826
1853,SY64D,0.000233213102923
1854,SY64F,0.00187735110308
1855,SY64H,0.0022379406435
1856,SY64I,0.000118519489788
1857,SY64L,0.0
1858,SY64N,0.00127954744249
1859,SY64S,0.000295409960609
1860,SY72*,0.000115787937403
1861,SY72C,0.0034894370601
1862,SY72D,0.000249639811313
1863,SY72F,0.000948903135035
1864,SY72G,0.0
1865,SY72H,0.00334984007386
1866,SY72L,0.0
1867,SY72N,0.00147516793482
1868,SY72P,0.0
1869,SY72R,7.96281004045e-06
1870,SY72S,0.000217322269648
1871,SY90*,0.000297795589886
1872,SY90C,0.00317692071482
1873,SY90D,0.000277229580974
1874,SY90F,0.000161289616133
1875,SY90H,0.00266600743113
1876,SY90N,0.00157227467319
1877,SY90R,0.000125250121311
1878,SY90S,0.00024939190078
